seed,acc,f1w,f1m
42,0.95,0.9494949494949495,0.9494949494949495
43,1.0,1.0,1.0
44,0.95,0.950794894760412,0.950794894760412
45,1.0,1.0,1.0
46,0.9666666666666667,0.9665178571428572,0.9665178571428572
