seed,acc,f1w,f1m
42,0.8833333333333333,0.8815820130475304,0.8815820130475303
43,0.95,0.9485327060931898,0.94853270609319
44,0.8666666666666667,0.8517992424242424,0.8517992424242424
45,0.95,0.9494949494949495,0.9494949494949495
46,0.9,0.8958333333333334,0.8958333333333334
