seed,acc,f1w,f1m
42,0.85,0.848993921817893,0.8489939218178929
43,0.85,0.8526757725033588,0.8526757725033587
44,0.8833333333333333,0.880003819709702,0.8800038197097021
45,0.8333333333333334,0.8244579009196701,0.8244579009196701
46,0.8166666666666667,0.8156920474282904,0.8156920474282904
