seed,acc,f1w,f1m
42,0.7833333333333333,0.7779882154882155,0.7779882154882155
43,0.9,0.9004852674207513,0.9004852674207513
44,0.75,0.7386142122984228,0.738614212298423
45,0.7833333333333333,0.7756446452098625,0.7756446452098625
46,0.7333333333333333,0.7254765519568152,0.7254765519568152
