seed,acc,f1w,f1m
42,0.9166666666666666,0.9177233963663329,0.9177233963663329
43,0.9666666666666667,0.9665178571428572,0.9665178571428572
44,0.9333333333333333,0.9348739495798319,0.9348739495798319
45,0.9166666666666666,0.9184020002985521,0.918402000298552
46,0.9333333333333333,0.9331845238095239,0.9331845238095238
