seed,acc,f1w,f1m
42,0.9833333333333333,0.9833147942157954,0.9833147942157954
43,0.9833333333333333,0.9833147942157954,0.9833147942157954
44,0.9833333333333333,0.9833147942157954,0.9833147942157954
45,0.9833333333333333,0.9833147942157954,0.9833147942157954
46,1.0,1.0,1.0
