seed,acc,f1w,f1m
42,0.9833333333333333,0.9833147942157954,0.9833147942157954
43,0.9333333333333333,0.9338524286243975,0.9338524286243975
44,1.0,1.0,1.0
45,0.9833333333333333,0.9833147942157954,0.9833147942157954
46,0.9833333333333333,0.9833147942157954,0.9833147942157954
