seed,acc,f1w,f1m
42,0.9166666666666666,0.9177233963663329,0.9177233963663329
43,0.9833333333333333,0.9833147942157954,0.9833147942157954
44,0.9166666666666666,0.9186507936507937,0.9186507936507936
45,0.9,0.902014652014652,0.902014652014652
46,0.95,0.9498326513586526,0.9498326513586526
